{
  "project_info": {
    "project_number": "298065623232",
    "firebase_url": "https://allgon.firebaseio.com",
    "project_id": "allgon",
    "storage_bucket": "allgon.appspot.com"
  },
  "client": [
    {
      "client_info": {
        "mobilesdk_app_id": "1:298065623232:android:a2dd5f6a537b3940",
        "android_client_info": {
          "package_name": "mud.per.iw.techapp"
        }
      },
      "oauth_client": [
        {
          "client_id": "298065623232-br7qaa2n999aobg3tn4a2jkhke9pmlg3.apps.googleusercontent.com",
          "client_type": 1,
          "android_info": {
            "package_name": "mud.per.iw.techapp",
            "certificate_hash": "3a8314ca1977a4ecf79a8163eecfdec14d1c8489"
          }
        },
        {
          "client_id": "298065623232-k028eojb9ov51q402v6iebnau90n076u.apps.googleusercontent.com",
          "client_type": 3
        }
      ],
      "api_key": [
        {
          "current_key": "AIzaSyAfU0Tu0tJ96C-VaZPVKzsNVFc1MmzPZZA"
        }
      ],
      "services": {
        "analytics_service": {
          "status": 1
        },
        "appinvite_service": {
          "status": 2,
          "other_platform_oauth_client": [
            {
              "client_id": "298065623232-k028eojb9ov51q402v6iebnau90n076u.apps.googleusercontent.com",
              "client_type": 3
            }
          ]
        },
        "ads_service": {
          "status": 2
        }
      }
    }
  ],
  "configuration_version": "1"
}